<?xml version="1.0" encoding="utf-8" ?>
<android.fix.LinearLayout xmlns:android="http://schemas.android.com/apk/res/android" android:orientation="vertical" android:id="@id/root" android:background="@drawable/background_app" android:layout_width="fill_parent" android:layout_height="fill_parent">
	<android.fix.LinearLayout android:gravity="center" android:orientation="vertical" android:id="@id/loader" android:paddingLeft="5.0dip" android:paddingRight="5.0dip" android:paddingBottom="5.0dip" android:layout_width="fill_parent" android:layout_height="fill_parent">
		<android.fix.LinearLayout android:gravity="center" android:orientation="horizontal" android:layout_width="wrap_content" android:layout_height="wrap_content">
			<android.fix.ProgressBar android:layout_width="wrap_content" android:layout_height="wrap_content" android:layout_marginRight="10.0dip" />
			<android.fix.TextView android:textAppearance="@style/MediumText" android:layout_gravity="center_vertical" android:layout_width="wrap_content" android:layout_height="wrap_content" android:text="@string/loading" />
		</android.fix.LinearLayout>
	</android.fix.LinearLayout>
	<android.fix.LinearLayout android:gravity="center" android:orientation="vertical" android:id="@id/installer" android:paddingLeft="5.0dip" android:paddingRight="5.0dip" android:paddingBottom="5.0dip" android:layout_width="fill_parent" android:layout_height="fill_parent">
		<android.fix.LinearLayout android:gravity="center" android:orientation="horizontal" android:layout_width="wrap_content" android:layout_height="wrap_content">
			<android.fix.ProgressBar android:layout_width="wrap_content" android:layout_height="wrap_content" android:layout_marginRight="10.0dip" />
			<android.fix.TextView android:textAppearance="@style/MediumText" android:layout_gravity="center_vertical" android:id="@id/installing" android:layout_width="wrap_content" android:layout_height="wrap_content" />
		</android.fix.LinearLayout>
		<android.fix.TextView android:textAppearance="@style/MediumText" android:gravity="center" android:id="@id/progress_bar_text" android:layout_width="fill_parent" android:layout_height="wrap_content" />
		<android.fix.ProgressBar android:id="@id/progress_bar" android:paddingTop="15.0dip" android:paddingBottom="15.0dip" android:layout_width="fill_parent" android:layout_height="wrap_content" android:max="100" android:progress="0" android:indeterminate="true" style="?android:progressBarStyleHorizontal" />
		<android.fix.Button android:textAppearance="@style/MediumText" android:id="@id/abort_button" android:layout_width="fill_parent" android:layout_height="wrap_content" android:layout_marginTop="15.0dip" android:text="@string/skip_" android:textAllCaps="false" />
	</android.fix.LinearLayout>
	<android.fix.LinearLayout android:gravity="center" android:orientation="vertical" android:id="@id/starter" android:layout_width="fill_parent" android:layout_height="fill_parent">
		<android.fix.ScrollView android:visibility="gone" android:layout_width="fill_parent" android:layout_height="0.0dip" android:layout_weight="1.0">
			<android.fix.TextView android:id="@id/front_text" android:layout_width="wrap_content" android:layout_height="wrap_content" />
		</android.fix.ScrollView>
		<android.fix.TextView android:textAppearance="?android:textAppearanceLarge" android:typeface="monospace" android:textStyle="bold" android:textColor="#ffff0000" android:layout_width="wrap_content" android:layout_height="wrap_content" android:text="GAMEGUARDIAN MOD PRO" />
		<android.fix.TextView android:textSize="18.0sp" android:textStyle="bold" android:textColor="#ffffffff" android:layout_width="wrap_content" android:layout_height="wrap_content" android:layout_marginTop="10.0dip" android:text="VERSION: 2.0.2.0" />
		<android.fix.TextView android:textSize="18.0sp" android:textStyle="bold" android:textColor="#ff0000ff" android:layout_width="wrap_content" android:layout_height="wrap_content" android:text="__blueandred__" />
		<android.fix.LinearLayout android:orientation="horizontal" android:layout_width="wrap_content" android:layout_height="wrap_content" android:layout_marginTop="20.0dip">
			<android.fix.Button android:textStyle="bold" android:id="@id/btn_stop_service" android:background="@drawable/button_gg" android:layout_width="100.0dip" android:layout_height="100.0dip" android:layout_marginRight="1.0dip" android:text="Exit" android:textAllCaps="false" />
			<android.fix.Button android:textStyle="bold" android:id="@id/btn_start_usage" android:background="@drawable/button_gg" android:layout_width="100.0dip" android:layout_height="100.0dip" android:layout_marginLeft="1.0dip" android:text="Start" android:textAllCaps="false" />
		</android.fix.LinearLayout>
		<android.fix.LinearLayout android:orientation="horizontal" android:layout_width="wrap_content" android:layout_height="wrap_content" android:layout_marginTop="10.0dip">
			<android.fix.Button android:textStyle="bold" android:id="@id/language" android:background="@drawable/button_gg" android:layout_width="100.0dip" android:layout_height="100.0dip" android:layout_marginRight="1.0dip" android:text="Language" android:textAllCaps="false" />
			<android.fix.Button android:textStyle="bold" android:id="@id/fix_it" android:background="@drawable/button_gg" android:layout_width="100.0dip" android:layout_height="100.0dip" android:layout_marginLeft="1.0dip" android:text="Fix it" android:textAllCaps="false" />
		</android.fix.LinearLayout>
		<android.fix.LinearLayout android:gravity="center" android:orientation="vertical" android:layout_width="fill_parent" android:layout_height="wrap_content" android:baselineAligned="false">
			<TextView android:textAppearance="?android:textAppearanceSmall" android:textSize="14.0sp" android:textStyle="italic" android:textColor="#ffffffff" android:gravity="center" android:layout_width="wrap_content" android:layout_height="wrap_content" android:layout_marginBottom="1.0dip" android:text="Copyright©2020 | asrafnasri" android:layout_alignParentBottom="true" />
			<android.fix.Button android:id="@id/check" android:visibility="gone" android:layout_width="0.0dip" android:layout_height="wrap_content" android:minWidth="48.0dip" android:text="@string/check" android:layout_weight="1.0" android:textAllCaps="false" />
			<android.fix.Button android:id="@id/help" android:visibility="gone" android:layout_width="wrap_content" android:layout_height="wrap_content" android:minWidth="48.0dip" android:text="@string/help" android:textAllCaps="false" />
		</android.fix.LinearLayout>
	</android.fix.LinearLayout>
</android.fix.LinearLayout>
